[
    {
      "resultado": {
      "cpf": "403.102.378-23",
      "nome": "JONES DEIVID SOUZA CAMILO",
      "data_de_nascimento": "11/11/1993"
      }
    },
    {
      "resultado": {
      "cpf": "037.782.890-47",
      "nome": "WILLIAN SILVA DE LIMA GALAO",
      "data_de_nascimento": "08/11/2005"
      }
    },
    {
      "resultado": {
      "cpf": "136.794.324-88",
      "nome": "GABRIEL VITOR SOARES DANTAS",
      "data_de_nascimento": "26/10/2004"
      }
    },
    {
      "resultado": {
      "cpf": "116.892.738-28",
      "nome": "CARLA DINIZ LAPENDA",
      "data_de_nascimento": "23/12/1969"
      }
    },
    {
      "resultado": {
      "cpf": "070.845.383-05",
      "nome": "YASSER FELIPE BARROS FONSECA",
      "data_de_nascimento": "04/04/1998"
      }
    }
]
